{"_runtime":3095.996166923,"train/logits/chosen":-2.06426739692688,"eval/rewards/chosen":-0.0005437626969069242,"eval/samples_per_second":9.445,"train/loss":0.6966,"eval/loss":0.6681498885154724,"train_samples_per_second":1.337,"train/learning_rate":5e-09,"_step":121,"train/global_step":1000,"train/rewards/rejected":-0.0606817826628685,"train/grad_norm":7.034375190734863,"eval/logits/rejected":-2.0611329078674316,"train_runtime":2991.1604,"train_steps_per_second":0.334,"eval/logps/rejected":-352.2283020019531,"eval/rewards/accuracies":0.597000002861023,"train/rewards/chosen":-0.057889483869075775,"train/rewards/accuracies":0.5,"train/logps/chosen":-270.22137451171875,"eval/rewards/margins":0.06502891331911087,"train/rewards/margins":0.0027922955341637135,"eval/logits/chosen":-2.0277581214904785,"eval/logps/chosen":-395.87396240234375,"train_loss":0.679357430934906,"train/logps/rejected":-342.4945983886719,"_timestamp":1.7681569913564057e+09,"_wandb":{"runtime":3097},"total_flos":0,"eval/steps_per_second":1.181,"eval/rewards/rejected":-0.06557267904281616,"train/logits/rejected":-1.9679267406463623,"eval/runtime":105.8735,"train/epoch":0.06437595558059064}