{"_step":0,"_wandb":{"runtime":12},"train/epoch":0.0001,"_runtime":12,"train/val/ratio":1.0039801597595215,"train/loss/value_avg":11.70366096496582,"_timestamp":1.768196681474235e+09,"train/objective/non_score_reward":-1.4781952586417901e-06,"train/lr":2e-06,"train/objective/rlhf_reward":-6.668564319610596,"train/objective/entropy":64.64372253417969,"train/policy/approxkl_avg":0.00115167535841465,"train/val/ratio_var":2.2596201233682223e-05,"train/objective/kl":2.956390380859375e-05,"train/episode":1,"train/eps":0,"train/val/clipfrac_avg":0,"train/loss/policy_avg":-0.006097633391618729,"train/global_step":1,"train/policy/entropy_avg":1.9377820491790771,"train/policy/clipfrac_avg":0,"train/val/num_eos_tokens":0,"train/objective/scores":-6.668562889099121}