{"train/objective/rlhf_reward":-8.835423469543457,"train/policy/clipfrac_avg":0.1015625,"train/val/ratio_var":0.00010073860903503373,"train/eps":0,"train/loss/policy_avg":-0.023059360682964325,"_wandb":{"runtime":3119},"train/objective/scores":-8.596489906311035,"train/objective/kl":4.778675079345703,"train/lr":6.666666666666667e-09,"completions":{"artifact_path":"wandb-client-artifact://hhks7z72ck15cmvmy7qmozb7yj6d1n4vpjc45ks0hr3a7fbicy07h2c1717qrtdyotupss27ckar1oap1e40p90ezmf4toec0wxotcd7eki8kswwu5u9n20g0kag0wql/completions.table.json","path":"media/table/completions_310_ab5483ac612f3e314cbf.table.json","sha256":"ab5483ac612f3e314cbf927724e353fa9b62230cf89345ac89d497c4af02593c","nrows":10000,"size":2958723,"ncols":3,"log_mode":"IMMUTABLE","_latest_artifact_path":"wandb-client-artifact://qs31d75hpqao5190bxpcqcnwpb5asokq923x7tcj5u3ccajjlnzvug8f5vsgxi8uk79odjegu8bxi5i273p6roj1fxlzoy6ozhtaafc10idev5ysbxxrz5awmbpp91op:latest/completions.table.json","_type":"table-file"},"train/loss/value_avg":430.3294677734375,"_step":310,"_timestamp":1.7682062459866946e+09,"train/global_step":300,"train/val/clipfrac_avg":1,"train/val/ratio":0.9908571839332581,"train/policy/approxkl_avg":0.009504088200628757,"train/val/num_eos_tokens":0,"train/epoch":0.03,"train/policy/entropy_avg":0.9525879621505737,"train/objective/non_score_reward":-0.2389337718486786,"train/episode":300,"train/objective/entropy":27.752220153808594,"_runtime":3119}