{"train/epoch":0.26936026936026936,"train/loss":0.6907,"train/rewards/margins":0.005025182850658894,"train/logits/rejected":-1.165710687637329,"_step":0,"train/logps/chosen":-93.79194641113281,"_wandb":{"runtime":62},"_runtime":59.033847342,"_timestamp":1.7681950179138305e+09,"train/rewards/rejected":-0.0005606336635537446,"train/rewards/chosen":0.004464549012482166,"train/rewards/accuracies":0.548046886920929,"train/global_step":10,"train/grad_norm":1.4367127418518066,"train/learning_rate":4.995500000000001e-06,"train/logits/chosen":-0.8719229698181152,"train/logps/rejected":-66.57553100585938}