{"train/policy/entropy_avg":1.2586805820465088,"train/val/ratio":0.9981716871261597,"_runtime":4088,"train/loss/policy_avg":-0.014171451330184937,"train/episode":500,"train/objective/entropy":29.077686309814453,"_timestamp":1.7682093939149992e+09,"train/objective/rlhf_reward":52.57365798950195,"train/loss/value_avg":13.383649826049805,"train/policy/approxkl_avg":0.010033346712589264,"train/objective/non_score_reward":-5.917654514312744,"train/val/num_eos_tokens":0,"train/eps":0,"train/objective/kl":118.35308837890625,"train/objective/scores":58.49131393432617,"train/global_step":500,"completions":{"size":3607000,"_latest_artifact_path":"wandb-client-artifact://kqajebz2xjp06io5g14hgvmrk6bdf6ignrogltfhr33u5evbtavrn7kiy3cwa9hydw46lckcuzb69v3699cn8jezk9mi6wvwenpx2hchgozekkdj19umf3jqy9xgxps9:latest/completions.table.json","ncols":3,"_type":"table-file","path":"media/table/completions_510_3bbdb3f988a8a39b2ccd.table.json","nrows":10000,"sha256":"3bbdb3f988a8a39b2ccd48692093eb3c45a5dba18026183087c2e89ab0071ee0","log_mode":"IMMUTABLE","artifact_path":"wandb-client-artifact://xvi7e1dgfnuqgor7bbcfbapiv9qybb5c9motetd6f86s6bt96gf67uwkx66cm8ikefyb4wh3qryplgj4yg6m9x53bhoxdru1v19xaokkircapk6ad1rpkes1o41wmwp1/completions.table.json"},"train/policy/clipfrac_avg":0.1015625,"train/lr":4e-09,"_step":510,"_wandb":{"runtime":4088},"train/val/ratio_var":0.00010942955123027787,"train/val/clipfrac_avg":0.96875,"train/epoch":0.05}