{"train/loss/value_avg":55.372779846191406,"train/objective/rlhf_reward":-4.1357197761535645,"train/policy/clipfrac_avg":0,"train/policy/entropy_avg":0.657253086566925,"train/loss/policy_avg":0.0022180601954460144,"_timestamp":1.7681997343474822e+09,"train/epoch":0.001,"train/global_step":10,"_wandb":{"runtime":60},"train/eps":0,"_runtime":60,"train/val/ratio_var":3.3287116821156815e-05,"_step":10,"train/episode":10,"train/val/clipfrac_avg":0.984375,"train/policy/approxkl_avg":0.0005359941860660911,"train/val/num_eos_tokens":1,"completions":{"path":"media/table/completions_1_4c2c19b83bef265f5454.table.json","_type":"table-file","nrows":8,"size":2240,"_latest_artifact_path":"wandb-client-artifact://q0pwp4eajiv5wnqqtvmfjvhm2kwccj3v70ex1i1hfdh38rjpnf2cztovb8p6e4nlf05o0plzpu1v7kup3jsf8su360ucsw1yqm0dks1et0a943fh9fd7v617xc6fh4yd:latest/completions.table.json","log_mode":"IMMUTABLE","ncols":3,"artifact_path":"wandb-client-artifact://0wlnxaconvizr6tno7d43hhr3wm1y4z9vm58f135qgxore0orylcime5m4eodft6odiq07ycl46yu110zl75rk4o75tt2yf2xxstrce5izcncegh3o3vpnnwcebcuox0/completions.table.json","sha256":"4c2c19b83bef265f545420898997fd1bc08289e22aec5ed547ea5a8db8cc713a"},"train/objective/non_score_reward":1.2969831004738808e-05,"train/objective/kl":-0.0002593994140625,"train/val/ratio":1.0014939308166504,"train/objective/entropy":15.644124984741211,"train/lr":1.982e-06,"train/objective/scores":-4.135732650756836}