{"train/objective/scores":-0.18714427947998047,"completions":{"sha256":"3c27617a4b42c4e3788b9bde812b4433c8e4cda581796c3d27ccc268dcf24fe3","log_mode":"IMMUTABLE","size":2303,"nrows":8,"ncols":3,"artifact_path":"wandb-client-artifact://njhmah5cyslayf329mfnheyzgtrw8vopalypgvxu044npqg6mmkj3zcn3p696oevu4j3otqk3xqmh54r6yu6v0owep7iu6te8agv1c4fdo0rm38vndmu1aescj3e3cyi/completions.table.json","_latest_artifact_path":"wandb-client-artifact://fkxdyjg0ueoodgyrzo1fmwvnm5scnijqq6b03wh1hgj2c0ferk7d382zylx7jpxf46pp26d5nxbgfov59z3hkf3dxpawmbaoe8iausdeawxm5ryezjb8o0130pgxf5v7:latest/completions.table.json","path":"media/table/completions_102_3c27617a4b42c4e3788b.table.json","_type":"table-file"},"train/objective/non_score_reward":-0.5013015866279602,"_wandb":{"runtime":573},"_step":105,"train/loss/policy_avg":0.1160464733839035,"train/loss/value_avg":4.4531755447387695,"train/epoch":0.0104,"train/lr":1.7939999999999999e-06,"train/val/ratio":0.7399972081184387,"train/objective/rlhf_reward":-0.6884458661079407,"_runtime":573,"train/eps":0,"train/val/clipfrac_avg":0.4545454680919647,"train/objective/kl":10.026031494140625,"train/policy/clipfrac_avg":0.09090909361839294,"train/val/ratio_var":0.0005027966108173132,"train/objective/entropy":11.545738220214844,"train/episode":104,"train/global_step":104,"train/policy/entropy_avg":0.9393644332885742,"train/val/num_eos_tokens":1,"_timestamp":1.7681989768299644e+09,"train/policy/approxkl_avg":0.18210239708423615}