{"train/val/num_eos_tokens":1,"train/objective/non_score_reward":-0.0031093601137399673,"train/eps":0,"train/loss/policy_avg":0.0017292893026024103,"train/policy/clipfrac_avg":0,"train/episode":5,"train/val/ratio":0.9979937076568604,"_step":5,"train/lr":1.9919999999999997e-06,"_timestamp":1.7681994471679776e+09,"train/val/ratio_var":1.2226242915858165e-06,"train/objective/entropy":12.894018173217773,"train/val/clipfrac_avg":0.8500000238418579,"train/epoch":0.0005,"train/global_step":5,"train/objective/rlhf_reward":-0.42359212040901184,"completions":{"artifact_path":"wandb-client-artifact://m6qxx2xti7yubcsoiuq44izyepbau8t5hiyipd5gb48bep9vr31bjlbs8ay2ovilojynw9deusheyuw54qkgxklzz68yhc5oubw1v1kzweyjronco6nrmfs4htgn6ets/completions.table.json","path":"media/table/completions_1_8a952a425b913eb5d6c8.table.json","nrows":8,"ncols":3,"size":2247,"_latest_artifact_path":"wandb-client-artifact://dq38m4rzf0ygtkgdipfr11v79s36zlsc8fpd8igdpus9friixv3yfyi2h8jzj4075i15a7t106j4ykn2q0dloj6yhv5rht4ced3hfwjb76ge49gmaaxzes3a17lh1b44:latest/completions.table.json","log_mode":"IMMUTABLE","_type":"table-file","sha256":"8a952a425b913eb5d6c8ea23acedce7cc5695d0ae2e2833228ce6d29eb285d63"},"train/objective/kl":0.06218719482421875,"train/policy/entropy_avg":0.5916104316711426,"train/policy/approxkl_avg":0.00041218826663680375,"train/objective/scores":-0.4204827547073364,"_runtime":35,"_wandb":{"runtime":35},"train/loss/value_avg":30.533740997314453}