{"train/val/ratio_var":4.1348033846588805e-05,"train/objective/non_score_reward":-0.4559316337108612,"train/objective/rlhf_reward":50.89604187011719,"_runtime":1792,"train/eps":0,"train/objective/entropy":31.72811508178711,"_wandb":{"runtime":1792},"completions":{"path":"media/table/completions_280_c676ba8fbca2da574264.table.json","_type":"table-file","ncols":3,"log_mode":"IMMUTABLE","_latest_artifact_path":"wandb-client-artifact://ft1ejgk4gnuei4l7isquak53h79pmwn077a68mtsgs46mf099x3dcyz8edhohec0q5x1hb4ncf1nufqdev5h334c9evykanb6cbon639rsublhz3z5ap5hglqg2gsww2:latest/completions.table.json","nrows":8,"artifact_path":"wandb-client-artifact://5mlsmytzaqzlapnes0sqz6r7yf2ytwsy0ht0zvncqxdueg7nwq74le33ivzwcods929jpd67vjzveskt1cysgkk0wkn8ovfo758gk0h16z3o1c3fcfa0nw5616zybhk8/completions.table.json","size":2158,"sha256":"c676ba8fbca2da5742643a59b2a1418428882102aece54527606f13609505c26"},"train/episode":300,"train/objective/scores":51.35197448730469,"_step":309,"train/lr":6.666666666666667e-09,"train/policy/clipfrac_avg":0.109375,"train/loss/value_avg":1095.180908203125,"_timestamp":1.7682045924479766e+09,"train/val/clipfrac_avg":1,"train/epoch":0.03,"train/loss/policy_avg":-0.023452818393707275,"train/val/num_eos_tokens":0,"train/val/ratio":1.0034286975860596,"train/policy/approxkl_avg":0.031789276748895645,"train/global_step":300,"train/objective/kl":9.118632316589355,"train/policy/entropy_avg":1.1404569149017334}