{"train/epoch":11.1731843575419,"eval/logps/chosen":-79.26900482177734,"eval/logits/chosen":-1.6080204248428345,"train/rewards/rejected":-1.2864500284194946,"eval/rewards/rejected":-1.420151948928833,"eval/logits/rejected":-1.9609123468399048,"total_flos":0,"train/learning_rate":2.5e-09,"train/global_step":2000,"train/logps/chosen":-79.0072021484375,"train/rewards/chosen":1.4364914894104004,"eval/rewards/margins":2.819561719894409,"train/rewards/accuracies":0.9906250238418579,"eval/logps/rejected":-93.8467025756836,"eval/steps_per_second":9.672,"train/logits/rejected":-1.974898099899292,"eval/rewards/accuracies":0.9868420958518982,"train/loss":0.0993,"train/logits/chosen":-1.5530322790145874,"_step":241,"train_samples_per_second":34.754,"_wandb":{"runtime":3691},"train/logps/rejected":-88.3546371459961,"train_loss":0.21783902165293695,"train/grad_norm":0.3676047623157501,"train_steps_per_second":0.543,"eval/rewards/chosen":1.399409532546997,"train_runtime":3683.0469,"train/rewards/margins":2.7229416370391846,"eval/loss":0.10283131897449493,"eval/samples_per_second":76.739,"eval/runtime":7.8578,"_runtime":3689.898127634,"_timestamp":1.7682004976015773e+09}