{"eval/steps_per_second":9.348,"eval/loss":0.6450262665748596,"eval/logits/rejected":-1.1667426824569702,"train/rewards/rejected":-0.012319272384047508,"train/logps/chosen":-89.7510757446289,"_step":9,"train/global_step":90,"_wandb":{"runtime":168},"eval/logits/chosen":-0.8605742454528809,"eval/rewards/rejected":-0.008992877788841724,"train/logps/rejected":-64.46089935302734,"eval/logps/rejected":-66.27772521972656,"_runtime":156.954984092,"eval/logps/chosen":-92.67986297607422,"train/learning_rate":4.9555e-06,"train/rewards/margins":0.19679167866706848,"eval/runtime":6.7395,"_timestamp":1.7681953156342218e+09,"eval/rewards/chosen":0.09035501629114151,"train/logits/rejected":-1.1605005264282227,"train/logits/chosen":-0.8556889295578003,"eval/rewards/margins":0.09934789687395096,"train/rewards/chosen":0.18447241187095642,"train/rewards/accuracies":0.9937499761581421,"eval/rewards/accuracies":0.9920634627342224,"train/grad_norm":1.3393298387527466,"train/epoch":0.6060606060606061,"train/loss":0.6004,"eval/samples_per_second":74.189}