{"eval/logps/chosen":-79.44660186767578,"train_loss":0.18015096530318261,"eval/steps_per_second":8.951,"train/logps/rejected":-81.44266510009766,"eval/logits/chosen":-1.7065633535385132,"train/logits/rejected":-2.4251694679260254,"train/rewards/margins":3.0059611797332764,"eval/rewards/margins":3.0096843242645264,"train/rewards/rejected":-1.520251989364624,"_step":241,"train/logits/chosen":-1.7007858753204346,"train/loss":0.0585,"eval/loss":0.05734781175851822,"train_steps_per_second":0.556,"eval/samples_per_second":71.036,"train/learning_rate":2.5e-09,"eval/runtime":7.0387,"eval/rewards/rejected":-1.5960026979446411,"total_flos":0,"_runtime":3603.687509655,"train_samples_per_second":35.578,"train/rewards/accuracies":1,"eval/logits/rejected":-2.443424940109253,"_timestamp":1.7681990693766217e+09,"_wandb":{"runtime":3604},"train/grad_norm":0.26523780822753906,"train/rewards/chosen":1.4857094287872314,"train/logps/chosen":-79.29972076416016,"train/global_step":2000,"eval/rewards/chosen":1.4136816263198853,"eval/logps/rejected":-82.1478271484375,"eval/rewards/accuracies":1,"train/epoch":13.424242424242424,"train_runtime":3597.7037}