{"train/val/ratio_var":1.2444583262549713e-05,"train/loss/policy_avg":0.0030509941279888153,"train/objective/entropy":62.392330169677734,"train/val/ratio":1.0028139352798462,"_wandb":{"runtime":918},"train/eps":0,"train/val/clipfrac_avg":0.0625,"train/episode":210,"train/val/num_eos_tokens":0,"_runtime":918,"train/objective/kl":-0.354644775390625,"completions":{"_type":"table-file","artifact_path":"wandb-client-artifact://aj5ub9d5mb8g6pnq0iiyl8qlmkjna8uajx2ea7yif79vijf1hvb4li49pkiktx42kn0lpgalxuml573tuaiayh2g2uvvnnf0yyokb7r0zt80pkrqy1mjudlulp2bqxya/completions.table.json","nrows":8,"ncols":3,"sha256":"0315bcd8c45e160dc77738adf7886a7978e1f52c333b8c57fdbebf5d3711d1b1","path":"media/table/completions_202_0315bcd8c45e160dc777.table.json","log_mode":"IMMUTABLE","size":1580,"_latest_artifact_path":"wandb-client-artifact://naibs5up000e5o6vueogf5ot09kuqfzc7gzxhlq86ei8m47d0k518dlt14yif3tim1pl65potniaunpx9d3e12ku3jhs4hom090zxo5t1p01vqqf5xyu48t48fei2ai0:latest/completions.table.json"},"train/objective/scores":-0.19991445541381836,"train/policy/entropy_avg":1.9579678773880005,"train/lr":1.7909999999999999e-06,"train/global_step":210,"train/objective/rlhf_reward":-0.1821822226047516,"train/objective/non_score_reward":0.01773224025964737,"train/policy/approxkl_avg":0.0008604801842011511,"train/epoch":0.021,"_timestamp":1.7681977894456298e+09,"train/policy/clipfrac_avg":0,"_step":211,"train/loss/value_avg":11.681593894958496}