{"train/objective/entropy":7.25944709777832,"train/policy/approxkl_avg":0.0032459718640893698,"completions":{"size":3315,"ncols":3,"artifact_path":"wandb-client-artifact://jd4nys8in0co7eegs2232mz5dw4esk6ko59am3ql23heijsyh2ab1767nf062bk53t0fovhks4hh9sscl22pm5uq570ii9tu1z01z9froaqzrioqq6heig8vn9bbdrrh/completions.table.json","_type":"table-file","log_mode":"IMMUTABLE","_latest_artifact_path":"wandb-client-artifact://w89is5sg928bwixy4pouujtaq2clox3spf1s26rg2f769bqpbmfvdze96u663hldijremvx2fti5lru50ha3s00mtp2cghok6itnz5tp8grclhpsjme6ky02zzhqxyrv:latest/completions.table.json","sha256":"14e60af1f20c429a766c634ac53b09a0072ebacb0f9417e759811addb4c6eecb","nrows":8,"path":"media/table/completions_205_14e60af1f20c429a766c.table.json"},"train/objective/kl":10.1807861328125,"train/objective/rlhf_reward":53.943572998046875,"train/policy/entropy_avg":0.17838998138904572,"train/lr":1.18e-06,"_step":210,"train/policy/clipfrac_avg":0.0546875,"train/global_step":206,"train/eps":0,"train/val/num_eos_tokens":0,"_runtime":975,"train/epoch":0.0206,"_wandb":{"runtime":975},"train/val/ratio":1.0162912607192993,"train/loss/value_avg":26.26202392578125,"_timestamp":1.7682029956594374e+09,"train/objective/non_score_reward":-0.5090392827987671,"train/objective/scores":54.452613830566406,"train/loss/policy_avg":-0.010653838515281677,"train/episode":206,"train/val/ratio_var":5.5360262194881216e-05,"train/val/clipfrac_avg":1}