{"train/objective/kl":0.07197284698486328,"train/epoch":0.0008,"train/val/num_eos_tokens":0,"train/objective/rlhf_reward":48.759620666503906,"train/objective/entropy":38.38207244873047,"train/val/ratio":0.9986764788627625,"train/lr":1.9859999999999997e-06,"_runtime":51,"train/eps":0,"_step":8,"train/val/clipfrac_avg":0.5,"train/loss/policy_avg":0.016365915536880493,"completions":{"_latest_artifact_path":"wandb-client-artifact://3k1mm8g46gypl5a5p4j77awfzldz0c1vwi6jdrgghrwhcfnf589fc8t6ipgvtn0a34n5zoj1htahf1im9qnlawxzxkuvf3ls2e3hfl69qel5cbriun82k034mpji4nan:latest/completions.table.json","artifact_path":"wandb-client-artifact://g033a7hp1gjo53qwnplnaxjkavisnken8rx9vuwtdhib4fl8tfw1r9wg25f6a93yxbwazxi7f6lnld877hzxfvckm7t25j1np1cv5a01ttri2fod3ayp8x0v50c8q2ys/completions.table.json","size":2183,"log_mode":"IMMUTABLE","path":"media/table/completions_1_a9257206a785539fb9fd.table.json","ncols":3,"nrows":8,"_type":"table-file","sha256":"a9257206a785539fb9fd9235899be39b01863251a14eccb34e694ae4567c35ac"},"train/policy/entropy_avg":1.5963726043701172,"_wandb":{"runtime":51},"train/global_step":8,"train/policy/approxkl_avg":0.0014329188270494342,"train/val/ratio_var":0.0001175312208943069,"train/policy/clipfrac_avg":0,"_timestamp":1.768201933701577e+09,"train/loss/value_avg":83.71256256103516,"train/objective/scores":48.76321792602539,"train/objective/non_score_reward":-0.0035986427683383226,"train/episode":8}