{"train/objective/scores":12.077543258666992,"train/epoch":0.0001,"train/eps":0,"train/val/num_eos_tokens":0,"_runtime":12,"train/policy/entropy_avg":1.936316728591919,"train/val/ratio_var":8.569545570935588e-06,"train/val/clipfrac_avg":0,"train/policy/clipfrac_avg":0,"train/loss/value_avg":50.53453063964844,"train/global_step":1,"_timestamp":1.7681964582553344e+09,"train/objective/entropy":64.64372253417969,"train/objective/rlhf_reward":12.07754135131836,"train/objective/non_score_reward":-1.4781952586417901e-06,"_step":0,"train/val/ratio":1.0013337135314941,"train/loss/policy_avg":-0.006006479263305664,"train/lr":2e-06,"train/objective/kl":2.956390380859375e-05,"train/episode":1,"_wandb":{"runtime":12},"train/policy/approxkl_avg":0.001073910272680223}