{"train/objective/entropy":27.801172256469727,"train/val/ratio":1.0036101341247559,"train/policy/entropy_avg":0.9722458124160767,"train/policy/approxkl_avg":0.0034221643581986427,"train/eps":0,"train/global_step":500,"train/val/num_eos_tokens":0,"train/episode":500,"train/val/clipfrac_avg":1,"train/objective/scores":-4.1506147384643555,"train/val/ratio_var":1.1586908840399701e-05,"train/loss/policy_avg":0.008756123483181,"train/lr":4e-09,"_wandb":{"runtime":4109},"_runtime":4109,"completions":{"sha256":"f593fc5b05cda72db361eb32b5338d35396852cdab82ce3c53f370b0d5fbe9d6","artifact_path":"wandb-client-artifact://5t5hkyoh24cb0pxx80exydf76kkx4riv33qxpzyualbw8jqcd9mnnb4pzjfjd73sw68w4kgp2y2el3ydd0sh9boncjbbpuak6u4mxdi5nut49gkd1zw2o8dei0l1rxrz/completions.table.json","nrows":10000,"log_mode":"IMMUTABLE","ncols":3,"_type":"table-file","_latest_artifact_path":"wandb-client-artifact://tt9eehegc8aizy3e5ohhc6jha9qo6proe98fmyc5ljdk46t64j1p7fb670hhqmns46fhlzi8vbesr47qvac4xwotpo8wxo7kkrmvv6mjlhpq953os52bhmm5funmnwx8:latest/completions.table.json","size":2962538,"path":"media/table/completions_510_f593fc5b05cda72db361.table.json"},"train/epoch":0.05,"train/objective/rlhf_reward":-4.33320426940918,"_timestamp":1.7682105918214161e+09,"train/policy/clipfrac_avg":0.0234375,"train/objective/kl":3.6517887115478516,"_step":510,"train/loss/value_avg":437.0653991699219,"train/objective/non_score_reward":-0.18258944153785706}