{"train/logps/chosen":-89.46488952636719,"train/loss":0.6904,"_wandb":{"runtime":30},"train/logits/rejected":-1.207716703414917,"train/logps/rejected":-64.60456848144531,"train/grad_norm":1.858585238456726,"train/rewards/chosen":0.0055182864889502525,"train/global_step":10,"train/learning_rate":4.995500000000001e-06,"train/rewards/accuracies":0.5562499761581421,"train/epoch":0.016842105263157894,"train/rewards/rejected":-0.00015985015488695353,"_step":0,"train/logits/chosen":-0.888213038444519,"train/rewards/margins":0.005678136367350817,"_timestamp":1.7681946855373664e+09,"_runtime":20.186634603}