{"completions":{"artifact_path":"wandb-client-artifact://43bpc29fd4k9ik87f2w1tw43ohijv4im1hzkb4ss0n54z5aj9fvd2xkotr96usradmsap0hnouw949hmiynf9iv33exzb7swseid9nmw578i48gh559v34grgk0wl955/completions.table.json","_latest_artifact_path":"wandb-client-artifact://s1b4e1detuibiilnanzi2w4vcojywtiuc0plr5dvpzwyojz6ffqhzmkdia21xe8gbfbkwmshrc3rnvxlrvhzwyhjb9rd2k4fnavi8wxm49k0i6rciswh6sxb3t36dyt8:latest/completions.table.json","ncols":3,"log_mode":"IMMUTABLE","path":"media/table/completions_102_da493dbc4fcf191f5805.table.json","_type":"table-file","nrows":8,"size":2299,"sha256":"da493dbc4fcf191f58053d5300b8dae6687d728bd5c10c9344b0a11827f083d0"},"train/objective/rlhf_reward":4.112443447113037,"train/objective/kl":0.3266410827636719,"_runtime":507,"train/policy/clipfrac_avg":0.0625,"_wandb":{"runtime":507},"train/val/ratio":1.0153539180755615,"train/policy/approxkl_avg":0.005106822587549686,"train/policy/entropy_avg":0.531713604927063,"train/eps":0,"train/global_step":111,"train/val/ratio_var":4.738273491966538e-05,"train/episode":111,"train/objective/scores":4.128775596618652,"train/objective/entropy":20.177629470825195,"_timestamp":1.7682017789250998e+09,"_step":112,"train/lr":1.78e-06,"train/val/clipfrac_avg":1,"train/objective/non_score_reward":-0.016332052648067474,"train/loss/value_avg":16.341053009033203,"train/epoch":0.0111,"train/loss/policy_avg":-0.0018222853541374207,"train/val/num_eos_tokens":0}